<xml>
  <XMLheader>
    <tokenInstanceUID>1</tokenInstanceUID>
    <runUID>run1</runUID>
    <creationDateTime>2022/04/26 14:40:00</creationDateTime>
  </XMLheader>
  <XMLobj objType='dataSource'>
    <alias>1</alias>
    <dataSourceType>csv</dataSourceType>
    <dataSourceFileName>csvData.csv</dataSourceFileName>
    <dataSourceAlias>tabellaDati</dataSourceAlias>
    </XMLobj>
  <XMLobj objType='script'>
    <alias>1</alias>
    <scriptType>script</scriptType>
    <scriptProgrammingLanguage>Python</scriptProgrammingLanguage>
    <scriptFileName>scriptPY.py</scriptFileName>
    <processorConformanceClass>Python</processorConformanceClass>
  </XMLobj>
  <XMLobj objType='run'>
    <alias>1</alias>
    <scriptAlias>1</scriptAlias>
    <otherAlias objsubType ='requirements'>requirements</otherAlias>
    <otherAlias objsubType ='columnDescriptor'>columnDescriptor</otherAlias>
    <dataSourceAlias>tabellaDati</dataSourceAlias>
    <outXMLDescriptorType>attached</outXMLDescriptorType>
  </XMLobj>
  <XMLobj objType='other'>
    <objSubtype>requirements</objSubtype>
    <alias>requirements</alias>
    <fileName>requirements.txt</fileName>
  </XMLobj>
  <XMLobj objType='other'>
    <objSubtype>columnDescriptor</objSubtype>
    <alias>columnDescriptor</alias>
    <fileName>colDescription.xml</fileName>
  </XMLobj>
</xml>
