<xml>
<XMLheader>
    <tokenInstanceUID>159</tokenInstanceUID>
    <runUID>1</runUID>
    <creationDateTime>09/01/2023, 17:22:51</creationDateTime>
  </XMLheader>
  <XMLobj objType='dataSource'>
    <dataSourceType>csv</dataSourceType>
    <dataSourceFileName>data.csv</dataSourceFileName>
    <alias>DataMart.00</alias>
    </XMLobj>
    <XMLobj objType='script'>
    <alias>clustering</alias>
	<scriptType>docker</scriptType>
    	<dockerImageName>clustering</dockerImageName>
  </XMLobj>
  <XMLobj objType='run'>
    <alias>1</alias>
    <scriptAlias>clustering</scriptAlias>
    <otherAlias>###otherAlias###</otherAlias>
    <dataSourceAlias>DataMart.00</dataSourceAlias>
    <outXMLDescriptorType>attached</outXMLDescriptorType>
  </XMLobj>
</xml>
